latitude,longitude,latitudeOriginal,longitudeOriginal,xco2,external error,smoothing error,interference error,retrieval noise,scanID,timeStamp (YY-MM-DD hh:mm:ss)
-44.988514,177.81488,-44.988514,177.81488,399.23282,-9999.0,0.7930726,0.38581613,1.1499692,b'F160101002502423801',16-01-01 00:25:02
-44.98289,177.8152,-44.98289,177.8152,399.2393,-9999.0,0.67578644,0.28986174,1.0378709,b'F160101002507423801',16-01-01 00:25:07
-47.462,176.90233,-47.462,176.90233,395.1159,-9999.0,0.7839696,0.39128962,1.1427268,b'F160101002548423801',16-01-01 00:25:48
-17.032183,158.27,-17.032183,158.27,393.02795,-9999.0,0.6934902,0.3000615,1.0999093,b'F160101015518013301',16-01-01 01:55:18
-17.028898,158.2699,-17.028898,158.2699,395.75775,-9999.0,0.67678213,0.2820902,1.0855632,b'F160101015523013301',16-01-01 01:55:23
-17.026295,158.26949,-17.026295,158.26949,394.27524,-9999.0,0.68461484,0.29496005,1.0947801,b'F160101015527013301',16-01-01 01:55:27
-22.466194,159.59369,-22.466194,159.59369,397.6435,-9999.0,0.489562,0.16006395,0.8339821,b'F160101015655013401',16-01-01 01:56:55
-22.461325,159.59416,-22.461325,159.59416,397.78958,-9999.0,0.48780206,0.16687542,0.83480734,b'F160101015659013401',16-01-01 01:56:59
-24.551607,156.37971,-24.551607,156.37971,395.22446,-9999.0,0.6954908,0.31645176,1.1096144,b'F160101015750013501',16-01-01 01:57:50
-24.547783,156.37885,-24.547783,156.37885,395.7954,-9999.0,0.698499,0.31826067,1.114475,b'F160101015755013501',16-01-01 01:57:55
-24.542776,156.37753,-24.542776,156.37753,395.29712,-9999.0,0.6944978,0.31676856,1.1137727,b'F160101015759013501',16-01-01 01:57:59
-37.760456,155.60808,-37.760456,155.60808,396.48944,-9999.0,0.63602066,0.30335668,1.0630455,b'F160101020108013711',16-01-01 02:01:08
-37.755714,155.60805,-37.755714,155.60805,395.56778,-9999.0,0.55612266,0.23180233,0.95679605,b'F160101020113013711',16-01-01 02:01:13
-39.513573,151.82219,-39.513573,151.82219,393.55264,-9999.0,0.6893053,0.36330524,1.1588031,b'F160101020204013711',16-01-01 02:02:04
-39.509197,151.82077,-39.509197,151.82077,399.2828,-9999.0,0.6761634,0.38038173,1.1480474,b'F160101020208013711',16-01-01 02:02:08
-14.904426,136.76189,-14.904426,136.76189,398.0421,-9999.0,0.52335113,0.26415703,0.8957663,b'F160101033301043301',16-01-01 03:33:01
-14.899891,136.76122,-14.899891,136.76122,396.50003,-9999.0,0.5630081,0.28319204,0.9424828,b'F160101033306043301',16-01-01 03:33:06
-17.03205,133.72583,-17.032326,133.7247,396.65182,-9999.0,0.41857332,0.16140294,0.78131133,b'F160101033329043301',16-01-01 03:33:29
-17.027985,133.72487,-17.028028,133.7238,395.86038,-9999.0,0.418758,0.16245264,0.78225154,b'F160101033338043301',16-01-01 03:33:38
-19.530457,133.11252,-19.53003,133.11153,397.76266,-9999.0,0.40356797,0.20475666,0.70368195,b'F160101033438043401',16-01-01 03:34:38
-19.526579,133.11159,-19.526033,133.11063,398.8073,-9999.0,0.40199533,0.20052737,0.70303947,b'F160101033443043401',16-01-01 03:34:43
-19.521736,133.1103,-19.521074,133.10938,398.53778,-9999.0,0.39892358,0.19246392,0.6961796,b'F160101033447043401',16-01-01 03:34:47
-22.057652,132.49014,-22.058027,132.48741,398.56757,-9999.0,0.4413341,0.24287985,0.8196123,b'F160101033456043401',16-01-01 03:34:56
-22.055061,132.48991,-22.055151,132.48727,399.45743,-9999.0,0.4433898,0.25251693,0.8307855,b'F160101033501043401',16-01-01 03:35:01
-24.552374,131.83714,-24.551416,131.83487,402.2858,-9999.0,0.43080366,0.24313721,0.7936594,b'F160101033601043501',16-01-01 03:36:01
-24.549995,131.83598,-24.548767,131.83377,400.05942,-9999.0,0.43115914,0.25204495,0.79873085,b'F160101033606043501',16-01-01 03:36:06
-24.544754,131.8348,-24.543259,131.83263,400.5627,-9999.0,0.42575666,0.2314167,0.7912502,b'F160101033610043501',16-01-01 03:36:10
-27.074419,131.16644,-27.074953,131.16396,400.46075,-9999.0,0.43192393,0.24152075,0.80733943,b'F160101033615043501',16-01-01 03:36:15
-27.07337,131.16629,-27.073675,131.16386,400.40204,-9999.0,0.42539087,0.23928341,0.8028459,b'F160101033619043501',16-01-01 03:36:19
-27.0708,131.16623,-27.070864,131.16386,400.19397,-9999.0,0.4303439,0.22872402,0.8068601,b'F160101033624043501',16-01-01 03:36:24
-27.495922,133.83571,-27.496048,133.83568,401.68393,-9999.0,0.41801092,0.32048023,0.85370797,b'F160101033629043501',16-01-01 03:36:29
-27.491747,133.8361,-27.49173,133.8361,399.57742,-9999.0,0.41905844,0.27997813,0.90525174,b'F160101033633043501',16-01-01 03:36:33
-27.487267,133.83546,-27.487118,133.8355,396.73697,-9999.0,0.42247468,0.25869232,0.9010591,b'F160101033638043501',16-01-01 03:36:38
-44.42058,125.384254,-44.42058,125.384254,391.5326,-9999.0,0.78101355,0.32944185,1.0435765,b'F160101034142043811',16-01-01 03:41:42
24.805532,121.13505,24.805218,121.13502,405.61386,-9999.0,0.62634933,0.39311078,1.0547072,b'F160101045950072604',16-01-01 04:59:50
-17.420368,111.65835,-17.420368,111.65835,397.69647,-9999.0,0.47854605,0.13002163,0.7884869,b'F160101051154073301',16-01-01 05:11:54
-17.415798,111.65831,-17.415798,111.65831,397.9551,-9999.0,0.4961946,0.14730158,0.81370574,b'F160101051158073301',16-01-01 05:11:58
-17.411722,111.65749,-17.411722,111.65749,398.74234,-9999.0,0.53218734,0.1805328,0.8638172,b'F160101051203073301',16-01-01 05:12:03
-22.458517,110.505684,-22.458517,110.505684,397.76117,-9999.0,0.47632816,0.16011693,0.7782059,b'F160101051316073401',16-01-01 05:13:16
-22.453644,110.506035,-22.453644,110.506035,397.70642,-9999.0,0.47759283,0.17592162,0.7816359,b'F160101051321073401',16-01-01 05:13:21
-22.448832,110.50543,-22.448832,110.50543,397.4896,-9999.0,0.4923411,0.17912498,0.7998177,b'F160101051326073401',16-01-01 05:13:26
42.337284,104.488144,42.336937,104.496124,395.68524,-9999.0,0.54176784,0.23578368,1.0584314,b'F160101063343102301',16-01-01 06:33:43
42.334267,104.485596,42.335243,104.49409,397.7871,-9999.0,0.5385192,0.21523283,1.038669,b'F160101063352102301',16-01-01 06:33:52
39.880405,103.58122,39.875988,103.58774,396.4927,-9999.0,0.50625616,0.14067647,0.88925856,b'F160101063356102301',16-01-01 06:33:56
39.87618,103.57779,39.872517,103.58444,397.63348,-9999.0,0.5050149,0.13759534,0.8870206,b'F160101063401102401',16-01-01 06:34:01
39.872684,103.574646,39.869698,103.58149,400.90363,-9999.0,0.50713134,0.1330608,0.8827114,b'F160101063406102401',16-01-01 06:34:06
38.44855,96.82668,38.443737,96.80423,399.87372,-9999.0,0.6853848,0.13502765,1.0990103,b'F160101063438102401',16-01-01 06:34:38
38.445923,96.82353,38.44295,96.801414,401.86002,-9999.0,0.6879025,0.13117874,1.0947415,b'F160101063443102401',16-01-01 06:34:43
38.44648,96.82121,38.44549,96.79958,397.7091,-9999.0,0.6809097,0.12686428,1.0828949,b'F160101063447102401',16-01-01 06:34:47
37.3757,102.69081,37.375244,102.70493,400.15097,-9999.0,0.689539,0.20376857,1.1706566,b'F160101063506102401',16-01-01 06:35:06
37.375233,102.68973,37.376015,102.70426,400.55984,-9999.0,0.6891644,0.19944668,1.162175,b'F160101063510102401',16-01-01 06:35:10
37.373478,102.68805,37.375576,102.703125,402.38644,-9999.0,0.6830147,0.18926811,1.1493683,b'F160101063515102401',16-01-01 06:35:15
34.91073,101.88622,34.899223,101.90254,397.35788,-9999.0,0.65389776,0.19299059,1.1461735,b'F160101063519102401',16-01-01 06:35:19
34.904915,101.88239,34.895195,101.899414,399.09924,-9999.0,0.6496855,0.17878033,1.1305932,b'F160101063524102401',16-01-01 06:35:24
34.901737,101.879684,34.893856,101.897156,397.7821,-9999.0,0.6393313,0.17713583,1.1175933,b'F160101063529102401',16-01-01 06:35:29
35.551605,99.075325,35.55004,99.07481,398.39038,-9999.0,0.6433816,0.110258944,1.0204623,b'F160101063533102401',16-01-01 06:35:33
35.550026,99.07291,35.550434,99.07293,399.1979,-9999.0,0.63557184,0.10941454,1.0136706,b'F160101063538102401',16-01-01 06:35:38
35.54704,99.07032,35.5495,99.070915,399.36746,-9999.0,0.63247365,0.10735992,1.0075517,b'F160101063542102511',16-01-01 06:35:42
25.504301,96.4547,25.50422,96.45467,397.45016,-9999.0,0.6642436,0.2716184,1.2457063,b'F160101063819102611',16-01-01 06:38:19
25.505873,96.45308,25.505896,96.45308,399.47513,-9999.0,0.6576188,0.2531729,1.2095939,b'F160101063824102611',16-01-01 06:38:24
25.506691,96.451744,25.506832,96.451775,399.30823,-9999.0,0.64095193,0.25921485,1.1547754,b'F160101063828102611',16-01-01 06:38:28
25.884945,93.83544,25.885172,93.83486,398.57187,-9999.0,0.48452964,0.1853646,0.8622525,b'F160101063833102611',16-01-01 06:38:33
25.888226,93.83465,25.888525,93.83407,400.55472,-9999.0,0.4811735,0.19147526,0.8617288,b'F160101063838102611',16-01-01 06:38:38
25.891775,93.83383,25.892138,93.833275,399.9238,-9999.0,0.4763812,0.18313025,0.8479498,b'F160101063842102611',16-01-01 06:38:42
23.35398,93.30072,23.352528,93.29503,399.51587,-9999.0,0.6955146,0.40373445,1.15986,b'F160101063847102611',16-01-01 06:38:47
23.35412,93.2988,23.353176,93.2929,402.7416,-9999.0,0.6895577,0.4175066,1.1696799,b'F160101063851102611',16-01-01 06:38:51
23.36108,93.298386,23.36077,93.29256,400.88162,-9999.0,0.6844676,0.39625645,1.131378,b'F160101063856102701',16-01-01 06:38:56
20.844393,92.74563,20.84452,92.745316,399.67868,-9999.0,0.56090325,0.33155504,0.9340136,b'F160101063956102701',16-01-01 06:39:56
20.848652,92.74478,20.84881,92.74449,400.20264,-9999.0,0.5490003,0.32797602,0.9169675,b'F160101064001102701',16-01-01 06:40:01
20.853008,92.74387,20.85317,92.74364,399.52606,-9999.0,0.5386822,0.3257808,0.9033501,b'F160101064005102701',16-01-01 06:40:05
-19.513681,84.02171,-19.513681,84.02171,390.92715,-9999.0,0.7971439,0.3435869,1.0827316,b'F160101065109103401',16-01-01 06:51:09
-24.543201,82.74756,-24.543201,82.74756,396.96417,-9999.0,0.7412297,0.33013952,1.0479633,b'F160101065223103501',16-01-01 06:52:23
-24.53885,82.74685,-24.53885,82.74685,396.27435,-9999.0,0.80552626,0.3418562,1.0973008,b'F160101065227103501',16-01-01 06:52:27
-35.00476,82.76881,-35.00476,82.76881,397.6559,-9999.0,0.5237442,0.17796159,0.8646219,b'F160101065459103601',16-01-01 06:54:59
-34.54256,79.86775,-34.54256,79.86775,395.6523,-9999.0,0.6901993,0.29818413,1.0488507,b'F160101065509103601',16-01-01 06:55:09
-34.53766,79.867226,-34.53766,79.867226,396.70364,-9999.0,0.6601874,0.29968375,1.0206052,b'F160101065513103601',16-01-01 06:55:13
-34.53219,79.866104,-34.53219,79.866104,396.98428,-9999.0,0.6529871,0.29408062,1.0195504,b'F160101065518103701',16-01-01 06:55:18
-39.50527,78.19225,-39.50527,78.19225,398.36978,-9999.0,0.7404504,0.34372458,1.0965995,b'F160101065636103701',16-01-01 06:56:36
-39.501293,78.19066,-39.501293,78.19066,398.10364,-9999.0,0.6869542,0.32382113,1.0591923,b'F160101065641103701',16-01-01 06:56:41
-42.492207,80.49377,-42.492207,80.49377,394.90137,-9999.0,0.7279466,0.30269086,1.0699475,b'F160101065704103801',16-01-01 06:57:04
-42.48725,80.49371,-42.48725,80.49371,398.55673,-9999.0,0.61886686,0.2250552,0.97132564,b'F160101065709103801',16-01-01 06:57:09
29.895226,75.84393,29.894602,75.84479,399.78516,-9999.0,0.59737176,0.27689958,0.97286785,b'F160101081453132501',16-01-01 08:14:53
29.892805,75.84138,29.892284,75.84226,400.32068,-9999.0,0.59427506,0.27895355,0.97513187,b'F160101081458132501',16-01-01 08:14:58
29.890862,75.83912,29.89044,75.84003,400.88425,-9999.0,0.59786737,0.28283218,0.9790768,b'F160101081503132501',16-01-01 08:15:03
30.526802,73.168076,30.526749,73.16806,400.5571,-9999.0,0.5481929,0.26717964,0.9269083,b'F160101081507132501',16-01-01 08:15:07
30.527071,73.1662,30.527086,73.1662,399.90903,-9999.0,0.5446104,0.2753994,0.92344505,b'F160101081512132501',16-01-01 08:15:12
30.52822,73.164764,30.528307,73.16479,400.2654,-9999.0,0.54676735,0.26749504,0.9218242,b'F160101081517132501',16-01-01 08:15:17
28.384525,69.857834,28.384432,69.85745,404.98425,-9999.0,0.7282542,0.26313773,1.1357411,b'F160101081535132601',16-01-01 08:15:35
28.013756,72.52541,28.013773,72.52541,403.21213,-9999.0,0.55171144,0.2904801,0.9968466,b'F160101081553132601',16-01-01 08:15:53
28.016663,72.52448,28.016762,72.524506,403.25412,-9999.0,0.5435866,0.27928635,0.9860425,b'F160101081558132601',16-01-01 08:15:58
27.382881,75.128,27.382853,75.13023,401.78506,-9999.0,0.55835885,0.25181457,0.984715,b'F160101081603132601',16-01-01 08:16:03
27.385296,75.127396,27.38549,75.12969,401.00845,-9999.0,0.55332744,0.24870315,0.98103714,b'F160101081607132601',16-01-01 08:16:07
27.384829,75.12602,27.385256,75.12838,401.78665,-9999.0,0.5605432,0.24514002,0.9817298,b'F160101081612132601',16-01-01 08:16:12
24.88269,74.46523,24.881493,74.46683,400.8932,-9999.0,0.6038742,0.2529932,1.0434611,b'F160101081616132601',16-01-01 08:16:16
24.879644,74.462746,24.878645,74.46439,403.2331,-9999.0,0.60556114,0.25463498,1.048001,b'F160101081621132601',16-01-01 08:16:21
24.878584,74.460785,24.877777,74.46248,403.11642,-9999.0,0.60241455,0.24674979,1.0414298,b'F160101081626132601',16-01-01 08:16:26
25.498068,71.90792,25.498035,71.90791,402.17615,-9999.0,0.49340236,0.2302784,0.9089049,b'F160101081630132601',16-01-01 08:16:30
25.50048,71.90487,25.50053,71.90488,400.0493,-9999.0,0.41753998,0.18947102,0.70550066,b'F160101081640132601',16-01-01 08:16:40
23.346058,68.74803,23.346045,68.74798,401.21548,-9999.0,0.42118672,0.1552913,0.72426075,b'F160101081658132601',16-01-01 08:16:58
23.346334,68.74588,23.346325,68.74583,401.81686,-9999.0,0.42228124,0.15843537,0.7275006,b'F160101081703132601',16-01-01 08:17:03
23.353344,68.74543,23.353342,68.745384,401.63306,-9999.0,0.42517632,0.15178382,0.72464156,b'F160101081707132711',16-01-01 08:17:07
22.97981,71.3058,22.979792,71.30579,402.32742,-9999.0,0.44351125,0.18556647,0.7752823,b'F160101081712132711',16-01-01 08:17:12
22.981188,71.30485,22.981194,71.30485,402.4303,-9999.0,0.43877348,0.19186229,0.765261,b'F160101081716132711',16-01-01 08:17:16
22.983616,71.30377,22.983644,71.30378,401.7275,-9999.0,0.43689114,0.18211392,0.7636468,b'F160101081721132711',16-01-01 08:17:21
22.365788,73.80663,22.365786,73.8071,399.5398,-9999.0,0.4517565,0.19738868,0.77824116,b'F160101081726132711',16-01-01 08:17:26
22.36785,73.80596,22.367895,73.80644,398.73004,-9999.0,0.44992763,0.19163153,0.77710146,b'F160101081730132711',16-01-01 08:17:30
22.36907,73.80483,22.369167,73.80533,398.01724,-9999.0,0.44519454,0.18728176,0.7654383,b'F160101081735132711',16-01-01 08:17:35
-37.515095,57.501797,-37.515095,57.501797,395.36438,-9999.0,0.65480244,0.31278923,1.0493544,b'F160101083347133701',16-01-01 08:33:47
-37.511536,57.5023,-37.511536,57.5023,397.42078,-9999.0,0.53856516,0.2034137,0.90560514,b'F160101083352133701',16-01-01 08:33:52
-37.505547,57.50231,-37.505547,57.50231,397.32062,-9999.0,0.48099354,0.14520608,0.812112,b'F160101083357133701',16-01-01 08:33:57
-39.513226,53.644955,-39.513226,53.644955,395.4171,-9999.0,0.79569554,0.34361562,1.1460468,b'F160101083443133701',16-01-01 08:34:43
-39.509373,53.64413,-39.509373,53.64413,397.4548,-9999.0,0.7173933,0.29818097,1.0864102,b'F160101083447133701',16-01-01 08:34:47
25.494213,47.361874,25.494028,47.36182,400.2398,-9999.0,0.46244517,0.27483,0.8292343,b'F160101095441162601',16-01-01 09:54:41
25.496208,47.358795,25.496506,47.358856,400.8623,-9999.0,0.4620229,0.28482017,0.82188797,b'F160101095451162601',16-01-01 09:54:51
23.34267,44.20548,23.341688,44.201633,399.88165,-9999.0,0.4879604,0.2654606,0.87593085,b'F160101095509162601',16-01-01 09:55:09
23.343575,44.2035,23.342974,44.199753,399.11652,-9999.0,0.4856226,0.2691081,0.8746975,b'F160101095514162601',16-01-01 09:55:14
23.345072,44.20174,23.344868,44.198097,400.18036,-9999.0,0.48302266,0.2666842,0.87035024,b'F160101095518162701',16-01-01 09:55:18
22.977156,46.75994,22.976915,46.759872,401.33292,-9999.0,0.45069787,0.33938983,0.7804609,b'F160101095523162701',16-01-01 09:55:23
22.97739,46.75892,22.97746,46.758923,401.76242,-9999.0,0.44355884,0.32772672,0.7687279,b'F160101095527162701',16-01-01 09:55:27
22.97941,46.75768,22.97978,46.75775,402.75684,-9999.0,0.45096743,0.34837466,0.7811297,b'F160101095532162701',16-01-01 09:55:32
22.36261,49.26057,22.362606,49.26155,401.7449,-9999.0,0.43850303,0.3577093,0.76764935,b'F160101095537162701',16-01-01 09:55:37
22.36322,49.2594,22.363317,49.260406,400.86133,-9999.0,0.44336343,0.36295456,0.7804911,b'F160101095541162701',16-01-01 09:55:41
22.365807,49.25871,22.366013,49.259747,401.94666,-9999.0,0.44017124,0.35941097,0.78013414,b'F160101095546162701',16-01-01 09:55:46
20.456762,46.17485,20.456564,46.174797,402.3005,-9999.0,0.4320135,0.27414304,0.7637119,b'F160101095604162701',16-01-01 09:56:04
20.458563,46.173283,20.458618,46.173286,403.26758,-9999.0,0.4322551,0.27316207,0.7681039,b'F160101095609162701',16-01-01 09:56:09
20.460413,46.172066,20.460733,46.172127,403.47095,-9999.0,0.43467733,0.2834408,0.76481354,b'F160101095614162701',16-01-01 09:56:14
20.834993,43.655914,20.83637,43.65254,405.15976,-9999.0,0.47352877,0.2581625,0.86062247,b'F160101095618162701',16-01-01 09:56:18
20.841776,43.653835,20.843967,43.650608,406.4671,-9999.0,0.47738093,0.25798658,0.86227185,b'F160101095627162701',16-01-01 09:56:27
17.934175,45.601074,17.933851,45.600986,403.47736,-9999.0,0.4272811,0.27807373,0.76496446,b'F160101095646162701',16-01-01 09:56:46
17.936947,45.60062,17.937044,45.600628,402.55267,-9999.0,0.4264539,0.28765288,0.7646877,b'F160101095650162701',16-01-01 09:56:50
17.938848,45.599358,17.939344,45.599453,401.69434,-9999.0,0.4232811,0.26941624,0.7596795,b'F160101095655162811',16-01-01 09:56:55
17.335804,48.023476,17.335815,48.026573,403.35876,-9999.0,0.43170577,0.2510377,0.75642675,b'F160101095700162811',16-01-01 09:57:00
17.335564,48.022053,17.335907,48.025238,404.35553,-9999.0,0.43530095,0.22303483,0.7541574,b'F160101095704162811',16-01-01 09:57:04
17.338879,48.02145,17.339571,48.0247,403.3252,-9999.0,0.43221068,0.24261421,0.74944884,b'F160101095709162811',16-01-01 09:57:09
13.250309,42.073944,13.250088,42.07312,405.70618,-9999.0,0.7480079,0.40084338,1.2246401,b'F160101095755162811',16-01-01 09:57:55
13.251587,42.07239,13.251449,42.071564,404.67606,-9999.0,0.7333504,0.37119946,1.207901,b'F160101095800162811',16-01-01 09:58:00
13.253783,42.07105,13.2537365,42.070217,401.96667,-9999.0,0.7232689,0.375878,1.2059934,b'F160101095804162811',16-01-01 09:58:04
10.779705,41.550957,10.7810135,41.54875,403.1275,-9999.0,0.5946054,0.27506557,1.028774,b'F160101095909162911',16-01-01 09:59:09
10.783666,41.54981,10.785275,41.547626,403.4345,-9999.0,0.58178055,0.26628503,1.0182372,b'F160101095913162911',16-01-01 09:59:13
7.833859,43.403545,7.8334923,43.403454,405.81918,-9999.0,0.49916682,0.19355372,0.91073,b'F160101095932162911',16-01-01 09:59:32
7.8373775,43.403233,7.8374815,43.40324,404.44196,-9999.0,0.49328572,0.19459912,0.8977592,b'F160101095936162911',16-01-01 09:59:36
7.839783,43.40209,7.8403363,43.402187,404.6195,-9999.0,0.4941511,0.19173922,0.90106755,b'F160101095941162911',16-01-01 09:59:41
-19.93747,37.450897,-19.93747,37.450897,395.21957,-9999.0,0.5238092,0.20033188,0.86238164,b'F160101100717163401',16-01-01 10:07:17
-27.073526,32.982174,-27.073526,32.982174,395.9087,-9999.0,0.7850026,0.4833549,1.2386003,b'F160101100859163501',16-01-01 10:08:59
-27.07293,32.98188,-27.07293,32.98188,397.01553,-9999.0,0.7416095,0.41921052,1.1890565,b'F160101100903163501',16-01-01 10:09:03
-27.070175,32.981915,-27.070175,32.981915,395.31894,-9999.0,0.6812901,0.36047247,1.1181382,b'F160101100908163501',16-01-01 10:09:08
-30.001345,35.01996,-30.001345,35.01996,396.9179,-9999.0,0.5334386,0.21599431,0.9238955,b'F160101100959163501',16-01-01 10:09:59
-29.996332,35.019585,-29.996332,35.019585,397.8787,-9999.0,0.5266849,0.20143512,0.9122836,b'F160101101003163601',16-01-01 10:10:03
43.443195,24.509882,43.443104,24.509422,402.54654,-9999.0,0.61325413,0.41101032,1.2516633,b'F160101112748192301',16-01-01 11:27:48
43.445057,24.507534,43.445,24.507069,402.71722,-9999.0,0.6097228,0.3912004,1.235597,b'F160101112753192301',16-01-01 11:27:53
43.44559,24.505058,43.44557,24.504597,402.51642,-9999.0,0.60689396,0.3780093,1.2266935,b'F160101112757192301',16-01-01 11:27:57
43.035633,27.738249,43.03571,27.73827,401.10815,-9999.0,0.55935055,0.4154249,1.1967176,b'F160101112811192301',16-01-01 11:28:11
40.94924,23.81052,40.949253,23.810488,403.34552,-9999.0,0.5106527,0.2782909,1.0250427,b'F160101112857192401',16-01-01 11:28:57
40.9539,23.810602,40.95391,23.810572,402.5033,-9999.0,0.5067296,0.2636742,1.0051206,b'F160101112902192401',16-01-01 11:29:02
40.95712,23.810083,40.95714,23.810041,403.13037,-9999.0,0.5041388,0.24330668,0.98732364,b'F160101112906192401',16-01-01 11:29:06
38.432003,23.166035,38.431904,23.165573,401.62378,-9999.0,0.59401524,0.20245126,1.0397885,b'F160101112911192401',16-01-01 11:29:11
38.433353,23.1637,38.433292,23.163256,402.2162,-9999.0,0.59153724,0.19258673,1.0341456,b'F160101112916192401',16-01-01 11:29:16
38.43496,23.161701,38.43494,23.161264,401.4287,-9999.0,0.5880461,0.19053896,1.028779,b'F160101112920192401',16-01-01 11:29:20
30.910238,21.330019,30.910389,21.329615,400.887,-9999.0,0.430899,0.35526672,0.72853327,b'F160101113143192501',16-01-01 11:31:43
30.914644,21.329763,30.914845,21.32936,401.97125,-9999.0,0.43001097,0.36457145,0.72279066,b'F160101113148192501',16-01-01 11:31:48
30.917053,21.328602,30.917295,21.32821,400.5958,-9999.0,0.42813438,0.38358036,0.72331715,b'F160101113152192601',16-01-01 11:31:52
28.381105,20.76702,28.380919,20.766256,401.49557,-9999.0,0.4347821,0.31137124,0.74556094,b'F160101113157192601',16-01-01 11:31:57
28.381323,20.764805,28.381207,20.764051,401.90097,-9999.0,0.43784612,0.30354783,0.74785614,b'F160101113202192601',16-01-01 11:32:02
28.3836,20.763145,28.383562,20.762424,402.48892,-9999.0,0.43973637,0.3097782,0.7539226,b'F160101113206192601',16-01-01 11:32:06
25.49489,22.816849,25.494776,22.816816,401.42883,-9999.0,0.42488417,0.1984294,0.7331623,b'F160101113252192601',16-01-01 11:32:52
25.495348,22.814972,25.495378,22.814974,400.58987,-9999.0,0.42212132,0.19916722,0.7275263,b'F160101113257192601',16-01-01 11:32:57
25.497337,22.813766,25.497524,22.813805,401.21127,-9999.0,0.42272863,0.20311423,0.7299886,b'F160101113301192601',16-01-01 11:33:01
25.876638,20.197931,25.877085,20.196793,400.95453,-9999.0,0.42496118,0.24025388,0.7033386,b'F160101113306192601',16-01-01 11:33:06
25.878357,20.196936,25.878933,20.195827,401.159,-9999.0,0.42473158,0.24638037,0.702528,b'F160101113311192601',16-01-01 11:33:11
25.882969,20.19624,25.883675,20.195154,400.69293,-9999.0,0.42564696,0.2455586,0.7001431,b'F160101113315192601',16-01-01 11:33:15
23.343147,19.660133,23.34221,19.656462,402.74316,-9999.0,0.45329708,0.13807116,0.8056535,b'F160101113320192601',16-01-01 11:33:20
23.3447,19.65824,23.34413,19.654675,404.18466,-9999.0,0.4528721,0.13777633,0.8099398,b'F160101113325192601',16-01-01 11:33:25
23.346195,19.65659,23.346003,19.653131,404.8353,-9999.0,0.4490671,0.13143604,0.8018849,b'F160101113329192701',16-01-01 11:33:29
22.977098,22.214817,22.97691,22.214764,402.77844,-9999.0,0.4199443,0.14379612,0.71601045,b'F160101113334192701',16-01-01 11:33:34
22.978708,22.2139,22.978765,22.213903,400.9162,-9999.0,0.41938713,0.14748754,0.7146223,b'F160101113338192701',16-01-01 11:33:38
22.978962,22.212246,22.979256,22.212305,400.1123,-9999.0,0.4177193,0.14455962,0.7165526,b'F160101113343192701',16-01-01 11:33:43
19.854258,24.095675,19.852177,24.098385,400.4898,-9999.0,0.42849568,0.26082617,0.7258414,b'F160101113401192701',16-01-01 11:34:01
19.85007,24.093124,19.848343,24.095911,399.84293,-9999.0,0.4305031,0.27372402,0.72462684,b'F160101113406192701',16-01-01 11:34:06
19.84974,24.091513,19.84835,24.094376,399.61032,-9999.0,0.43164912,0.26749885,0.73002785,b'F160101113411192701',16-01-01 11:34:11
20.834665,19.111946,20.83661,19.107178,402.32404,-9999.0,0.5294152,0.26056725,0.99823177,b'F160101113429192701',16-01-01 11:34:29
20.837,19.110762,20.839508,19.10614,401.80823,-9999.0,0.5266753,0.25143898,0.9838317,b'F160101113434192701',16-01-01 11:34:34
20.84111,19.10982,20.844187,19.105286,400.83487,-9999.0,0.51940876,0.2554615,0.9706821,b'F160101113438192701',16-01-01 11:34:38
17.338463,23.474493,17.339443,23.4791,401.2875,-9999.0,0.46303082,0.32062617,0.82335603,b'F160101113520192801',16-01-01 11:35:20
12.298428,22.309921,12.298456,22.312912,400.43317,-9999.0,0.4610906,0.412443,0.84336436,b'F160101113634192801',16-01-01 11:36:34
12.300902,22.308865,12.30129,22.312168,401.29126,-9999.0,0.46675643,0.47502437,0.8505897,b'F160101113638192801',16-01-01 11:36:38
12.303241,22.307732,12.304024,22.311214,403.28064,-9999.0,0.47213215,0.4668134,0.857621,b'F160101113643192801',16-01-01 11:36:43
9.772265,21.753908,9.770939,21.755589,407.13177,-9999.0,0.55081314,0.4640141,1.0877055,b'F160101113647192901',16-01-01 11:36:47
9.770474,21.752316,9.769378,21.754042,405.6695,-9999.0,0.56629634,0.55090046,1.0932056,b'F160101113652192901',16-01-01 11:36:52
9.772269,21.751331,9.771387,21.753115,407.84515,-9999.0,0.56550205,0.5316,1.0982641,b'F160101113657192901',16-01-01 11:36:57
10.362621,19.39826,10.362475,19.398224,406.57495,-9999.0,0.5448904,0.4803638,1.054444,b'F160101113701192901',16-01-01 11:37:01
10.363944,19.396593,10.363983,19.396595,400.8985,-9999.0,0.44673637,0.45864603,0.8195353,b'F160101113706192901',16-01-01 11:37:06
10.3663435,19.395412,10.366576,19.395454,401.23514,-9999.0,0.43488765,0.46568584,0.8003658,b'F160101113710192901',16-01-01 11:37:10
10.739358,16.99802,10.739909,16.996744,400.12967,-9999.0,0.42284724,0.3981409,0.7411886,b'F160101113715192901',16-01-01 11:37:15
10.744584,16.997398,10.745302,16.996151,398.89563,-9999.0,0.41693887,0.38098648,0.7287894,b'F160101113720192901',16-01-01 11:37:20
10.749127,16.996367,10.750003,16.99515,400.5517,-9999.0,0.42151368,0.44185305,0.73528445,b'F160101113724192901',16-01-01 11:37:24
8.199932,16.482655,8.199595,16.480665,402.54767,-9999.0,0.43883452,0.4127892,0.7933079,b'F160101113733192901',16-01-01 11:37:33
8.204249,16.48189,8.204141,16.479939,402.03244,-9999.0,0.44007254,0.41489688,0.7859157,b'F160101113738192901',16-01-01 11:37:38
-27.496513,11.108533,-27.496513,11.108533,397.33597,-9999.0,0.5376537,0.26998082,0.9610206,b'F160101114723193501',16-01-01 11:47:23
-27.490019,11.1095,-27.490019,11.1095,396.9959,-9999.0,0.5207561,0.24932113,0.9498273,b'F160101114728193501',16-01-01 11:47:28
-27.48581,11.108801,-27.48581,11.108801,397.25708,-9999.0,0.51830536,0.24758682,0.94025594,b'F160101114733193501',16-01-01 11:47:33
-30.005527,10.474044,-30.005527,10.474044,398.28937,-9999.0,0.47799805,0.18758616,0.8702623,b'F160101114805193501',16-01-01 11:48:05
-30.001812,10.473471,-30.001812,10.473471,397.54144,-9999.0,0.45891815,0.1625149,0.8317775,b'F160101114810193501',16-01-01 11:48:10
-29.995224,10.473455,-29.995224,10.473455,399.27277,-9999.0,0.4535784,0.13084275,0.81844467,b'F160101114814193601',16-01-01 11:48:14
-44.97991,5.9993076,-44.97991,5.9993076,394.62344,-9999.0,0.7942164,0.34508684,1.048266,b'F160101115223193801',16-01-01 11:52:23
34.895035,3.715974,34.891975,3.7203104,400.87665,-9999.0,0.4703884,0.14648628,0.7649139,b'F160101130803222411',16-01-01 13:08:03
34.89126,3.7129035,34.88869,3.7173965,399.56064,-9999.0,0.46894923,0.14351107,0.75679415,b'F160101130808222411',16-01-01 13:08:08
34.887848,3.7099552,34.885754,3.7145908,401.26917,-9999.0,0.46919587,0.1420499,0.761351,b'F160101130813222411',16-01-01 13:08:13
35.54296,0.89222133,35.54274,0.89214724,400.3378,-9999.0,0.50330067,0.20116527,0.93355,b'F160101130817222411',16-01-01 13:08:17
35.54235,0.89008087,35.542408,0.8900834,399.59164,-9999.0,0.50371,0.2024329,0.93373775,b'F160101130822222411',16-01-01 13:08:22
35.54374,0.8887797,35.544083,0.8888621,401.07565,-9999.0,0.5000132,0.18434216,0.9116792,b'F160101130826222501',16-01-01 13:08:26
33.414772,-2.6101809,33.413315,-2.6164792,400.1321,-9999.0,0.46201986,0.10575546,0.7365355,b'F160101130845222501',16-01-01 13:08:45
33.41677,-2.61219,33.41588,-2.6183472,400.61496,-9999.0,0.46188107,0.107824475,0.7362585,b'F160101130849222501',16-01-01 13:08:49
33.41964,-2.6137092,33.41934,-2.619761,399.63608,-9999.0,0.45914054,0.10656765,0.7301818,b'F160101130854222501',16-01-01 13:08:54
33.03689,0.19750042,33.0364,0.19734314,400.4285,-9999.0,0.46119568,0.10703916,0.73928684,b'F160101130859222501',16-01-01 13:08:59
33.035896,0.19595619,33.036034,0.19596566,401.6978,-9999.0,0.4611784,0.10466519,0.736985,b'F160101130903222501',16-01-01 13:09:03
32.385807,2.9306169,32.385746,2.9334357,402.2233,-9999.0,0.4646874,0.14382316,0.7984257,b'F160101130912222501',16-01-01 13:09:12
32.385162,2.9292994,32.385365,2.9321961,401.97183,-9999.0,0.4623609,0.14358653,0.7914266,b'F160101130917222501',16-01-01 13:09:17
32.38484,2.9281566,32.385315,2.9311335,402.69336,-9999.0,0.46177548,0.14518926,0.79650944,b'F160101130922222501',16-01-01 13:09:22
29.895344,2.2072954,29.89381,2.2093961,401.016,-9999.0,0.4797499,0.19060682,0.8886306,b'F160101130926222501',16-01-01 13:09:26
29.89352,2.2050016,29.892263,2.2071314,400.87854,-9999.0,0.4788996,0.18516932,0.8817407,b'F160101130931222501',16-01-01 13:09:31
29.890701,2.2025228,29.889687,2.2047036,401.21045,-9999.0,0.47178945,0.18587306,0.87377274,b'F160101130936222501',16-01-01 13:09:36
30.526844,-0.46719277,30.526644,-0.46725428,400.63745,-9999.0,0.45302638,0.14457163,0.76509154,b'F160101130940222501',16-01-01 13:09:40
30.526567,-0.469257,30.52662,-0.46925455,399.44632,-9999.0,0.4493055,0.14374684,0.7578328,b'F160101130945222501',16-01-01 13:09:45
30.528538,-0.47043997,30.52886,-0.47036916,400.4042,-9999.0,0.45259002,0.13858315,0.762004,b'F160101130949222501',16-01-01 13:09:49
30.912138,-3.2112193,30.91343,-3.2146912,403.95343,-9999.0,0.488472,0.14760347,0.8573181,b'F160101130954222501',16-01-01 13:09:54
30.914343,-3.2122383,30.91602,-3.2156253,402.952,-9999.0,0.48199785,0.15014285,0.8564351,b'F160101130959222501',16-01-01 13:09:59
30.919127,-3.212766,30.92118,-3.216084,402.10324,-9999.0,0.47905508,0.14198385,0.84294087,b'F160101131003222601',16-01-01 13:10:03
28.385057,-3.7762277,28.384562,-3.7782605,404.37485,-9999.0,0.4567933,0.16953644,0.7910129,b'F160101131008222601',16-01-01 13:10:08
28.385248,-3.778428,28.384943,-3.7804215,404.73907,-9999.0,0.45701385,0.16944663,0.7914889,b'F160101131012222601',16-01-01 13:10:12
28.387527,-3.7800968,28.387424,-3.7820282,404.0094,-9999.0,0.4584055,0.16295439,0.7897045,b'F160101131017222601',16-01-01 13:10:17
28.013916,-1.1089778,28.013819,-1.1090068,401.2003,-9999.0,0.43516853,0.16852234,0.74269557,b'F160101131022222601',16-01-01 13:10:22
28.015518,-1.1096449,28.015547,-1.1096427,400.28098,-9999.0,0.4351091,0.17500177,0.7461164,b'F160101131026222601',16-01-01 13:10:26
28.015743,-1.1112874,28.015894,-1.1112556,401.2272,-9999.0,0.4375444,0.17376146,0.74872655,b'F160101131031222601',16-01-01 13:10:31
27.382334,1.4928406,27.38231,1.494679,400.95572,-9999.0,0.4487805,0.18689315,0.8159524,b'F160101131035222601',16-01-01 13:10:35
27.383402,1.4919006,27.38356,1.4937834,402.1358,-9999.0,0.44934213,0.18755747,0.8118685,b'F160101131040222601',16-01-01 13:10:40
27.38532,1.4911597,27.385674,1.4931109,402.5993,-9999.0,0.44924688,0.17961916,0.8032239,b'F160101131045222601',16-01-01 13:10:45
24.881836,0.82980853,24.880892,0.8310663,402.13086,-9999.0,0.46451184,0.28553176,0.8529738,b'F160101131049222601',16-01-01 13:10:49
24.879929,0.8276621,24.87915,0.8289458,401.92163,-9999.0,0.47220847,0.14928652,0.8109185,b'F160101131054222601',16-01-01 13:10:54
24.878294,0.825559,24.877668,0.8268734,401.2223,-9999.0,0.4678493,0.21925817,0.82088375,b'F160101131059222601',16-01-01 13:10:59
25.498213,-1.7277764,25.498112,-1.7278051,401.86908,-9999.0,0.42652392,0.20171332,0.7281918,b'F160101131103222601',16-01-01 13:11:03
25.499817,-1.7293245,25.499846,-1.729323,401.0759,-9999.0,0.42439097,0.19708867,0.7286689,b'F160101131108222601',16-01-01 13:11:08
25.500673,-1.7307911,25.500843,-1.7307563,401.34344,-9999.0,0.42631057,0.19448493,0.72597706,b'F160101131112222601',16-01-01 13:11:12
23.346407,-4.886815,23.346066,-4.888153,402.43298,-9999.0,0.439101,0.21815625,0.80524236,b'F160101131131222601',16-01-01 13:11:31
23.346039,-4.889031,23.345827,-4.8903475,400.971,-9999.0,0.43417346,0.22479016,0.79848266,b'F160101131135222601',16-01-01 13:11:35
23.349174,-4.8903427,23.349102,-4.891638,401.64108,-9999.0,0.43966872,0.22165489,0.80656993,b'F160101131140222701',16-01-01 13:11:40
22.980127,-2.3301983,22.980011,-2.330231,402.76883,-9999.0,0.4352569,0.24205919,0.7652692,b'F160101131145222701',16-01-01 13:11:45
22.981358,-2.330963,22.981392,-2.3309605,400.82416,-9999.0,0.43391424,0.28879112,0.7611257,b'F160101131149222701',16-01-01 13:11:49
22.982254,-2.3324676,22.982433,-2.3324318,401.52576,-9999.0,0.4346988,0.26241988,0.76252,b'F160101131154222701',16-01-01 13:11:54
8.204396,-8.061947,8.204035,-8.06409,401.20584,-9999.0,0.4874732,0.3283968,0.8593347,b'F160101131544222901',16-01-01 13:15:44
7.2648,-3.352459,7.265016,-3.3515356,402.4076,-9999.0,0.4655331,0.46888387,0.78038156,b'F160101131617222901',16-01-01 13:16:17
-12.377405,-9.960062,-12.377405,-9.960062,398.95697,-9999.0,0.51742643,0.22071527,0.9072044,b'F160101132125223211',16-01-01 13:21:25
-12.373625,-9.960313,-12.373625,-9.960313,397.66592,-9999.0,0.5545785,0.26612368,0.97704566,b'F160101132130223301',16-01-01 13:21:30
-12.369723,-9.961193,-12.369723,-9.961193,397.61682,-9999.0,0.6268331,0.3338579,1.0564363,b'F160101132135223301',16-01-01 13:21:35
-14.901092,-10.510032,-14.901092,-10.510032,398.04483,-9999.0,0.50570357,0.19653818,0.8896256,b'F160101132207223301',16-01-01 13:22:07
-14.89708,-10.510806,-14.89708,-10.510806,398.02707,-9999.0,0.5360801,0.22513065,0.9355176,b'F160101132211223301',16-01-01 13:22:11
-14.8918705,-10.51132,-14.8918705,-10.51132,396.9727,-9999.0,0.58832335,0.2941285,1.0017455,b'F160101132216223301',16-01-01 13:22:16
-19.525724,-14.16099,-19.525724,-14.16099,400.0731,-9999.0,0.77246076,0.43168366,1.220063,b'F160101132344223401',16-01-01 13:23:44
-22.461164,-12.222966,-22.461164,-12.222966,398.6343,-9999.0,0.42549363,0.09883367,0.7616333,b'F160101132411223401',16-01-01 13:24:11
-22.457901,-12.223,-22.457901,-12.223,396.99673,-9999.0,0.42251188,0.096924566,0.7591264,b'F160101132416223401',16-01-01 13:24:16
-24.54679,-15.437916,-24.54679,-15.437916,399.6474,-9999.0,0.68858826,0.36162698,1.1877611,b'F160101132507223501',16-01-01 13:25:07
-24.543669,-15.439013,-24.543669,-15.439013,398.07892,-9999.0,0.7094472,0.3833002,1.2132596,b'F160101132511223501',16-01-01 13:25:11
-24.537092,-15.439903,-24.537092,-15.439903,398.19315,-9999.0,0.74816376,0.3660258,1.247894,b'F160101132516223501',16-01-01 13:25:16
-27.492825,-13.436529,-27.492825,-13.436529,398.25137,-9999.0,0.5123496,0.23234773,0.96946406,b'F160101132534223501',16-01-01 13:25:34
-27.487877,-13.436197,-27.487877,-13.436197,395.4297,-9999.0,0.5022352,0.22243573,0.9618822,b'F160101132539223501',16-01-01 13:25:39
-27.482613,-13.436632,-27.482613,-13.436632,396.70383,-9999.0,0.4988121,0.22170642,0.962096,b'F160101132544223501',16-01-01 13:25:44
-29.554583,-16.813742,-29.554583,-16.813742,397.93167,-9999.0,0.6679634,0.46747184,1.269358,b'F160101132630223601',16-01-01 13:26:30
-29.546175,-16.816051,-29.546175,-16.816051,399.84448,-9999.0,0.68278867,0.44913775,1.2765492,b'F160101132639223601',16-01-01 13:26:39
-11.991114,-36.92196,-11.991114,-36.92196,396.70053,-9999.0,0.6270334,0.30494636,1.0781513,b'F160101145922253201',16-01-01 14:59:22
-11.989861,-36.922665,-11.989861,-36.922665,395.58734,-9999.0,0.6570664,0.32509223,1.119531,b'F160101145927253201',16-01-01 14:59:27
-11.98677,-36.92313,-11.98677,-36.92313,396.11743,-9999.0,0.6813247,0.3608896,1.1599044,b'F160101145932253201',16-01-01 14:59:32
-12.376258,-34.50512,-12.376258,-34.50512,399.3234,-9999.0,0.48913366,0.16298097,0.861171,b'F160101145936253201',16-01-01 14:59:36
-12.371846,-34.505013,-12.371846,-34.505013,398.04373,-9999.0,0.5282782,0.22942466,0.9506866,b'F160101145941253311',16-01-01 14:59:41
-12.365673,-34.505432,-12.365673,-34.505432,398.69553,-9999.0,0.6251988,0.32785904,1.0800233,b'F160101145945253311',16-01-01 14:59:45
-17.271305,-38.15083,-17.271305,-38.15083,399.6701,-9999.0,0.681786,0.46066874,1.3482631,b'F160101150050253311',16-01-01 15:00:50
-17.268318,-38.150997,-17.268318,-38.150997,398.57336,-9999.0,0.69573843,0.4783481,1.3632448,b'F160101150055253311',16-01-01 15:00:55
-42.49663,-42.23913,-42.49663,-42.23913,393.5133,-9999.0,0.7796142,0.33978385,1.1095048,b'F160101150759253801',16-01-01 15:07:59
-42.48977,-42.23861,-42.48977,-42.23861,393.40274,-9999.0,0.6693805,0.2665398,1.008596,b'F160101150803253801',16-01-01 15:08:03
-32.252136,-60.832947,-32.252182,-60.832905,393.36563,-9999.0,1.0956652,0.74299306,2.7192752,b'F160101164237282904',16-01-01 16:42:37
-35.33903,-67.662506,-35.33999,-67.664955,395.52124,-9999.0,0.4963964,0.12523568,0.8585735,b'F160101164347282904',16-01-01 16:43:47
-41.135094,-69.674774,-41.137093,-69.68187,399.67065,-9999.0,0.4667169,0.12086327,0.79453117,b'F160101164528282904',16-01-01 16:45:28
-42.782745,-70.309456,-42.78449,-70.315926,398.53345,-9999.0,0.45017448,0.11719723,0.75703794,b'F160101164556282904',16-01-01 16:45:56
-45.793823,-67.92821,-45.79547,-67.92881,397.80988,-9999.0,0.4168152,0.108367585,0.72143114,b'F160101164637282904',16-01-01 16:46:37
-46.207794,-68.07956,-46.2082,-68.07971,397.4474,-9999.0,0.39824793,0.105498165,0.6840504,b'F160101164642282904',16-01-01 16:46:42
-46.621082,-68.23336,-46.621994,-68.2337,398.54346,-9999.0,0.400303,0.11216814,0.6854825,b'F160101164646282904',16-01-01 16:46:46
17.944567,-77.12464,17.944553,-77.12464,400.21777,-9999.0,0.4733829,0.120462686,0.80006135,b'F160101180740312701',16-01-01 18:07:40
17.94596,-77.12524,17.945963,-77.12524,400.3394,-9999.0,0.47386912,0.11953153,0.7989686,b'F160101180745312701',16-01-01 18:07:45
17.94762,-77.12653,17.947647,-77.126526,401.6008,-9999.0,0.47587097,0.119970225,0.7954275,b'F160101180749312701',16-01-01 18:07:49
-19.940277,-85.273254,-19.940277,-85.273254,397.54337,-9999.0,0.4843352,0.16605508,0.8080983,b'F160101181803313401',16-01-01 18:18:03
-19.930656,-85.27434,-19.930656,-85.27434,396.7345,-9999.0,0.5096404,0.19336602,0.85180646,b'F160101181812313401',16-01-01 18:18:12
-22.051805,-88.41803,-22.051805,-88.41803,396.08743,-9999.0,0.7239808,0.3049803,1.0897479,b'F160101181830313401',16-01-01 18:18:30
-22.050632,-88.4184,-22.050632,-88.4184,396.4581,-9999.0,0.6824171,0.28343657,1.0567126,b'F160101181835313401',16-01-01 18:18:35
-22.046728,-88.418304,-22.046728,-88.418304,397.19278,-9999.0,0.6528028,0.26041028,1.0264618,b'F160101181839313401',16-01-01 18:18:39
39.27729,-92.39958,39.276726,-92.398094,399.58337,-9999.0,0.5782346,0.35554162,1.1277015,b'F160101193943342204',16-01-01 19:39:43
38.74219,-96.378334,38.741524,-96.378555,397.685,-9999.0,0.52330476,0.3046475,1.0303823,b'F160101193956342204',16-01-01 19:39:56
39.03859,-98.179886,39.03833,-98.181305,403.26663,-9999.0,0.5150076,0.22622319,0.9556228,b'F160101194001342204',16-01-01 19:40:01
39.276154,-100.00705,39.27629,-100.01177,399.67194,-9999.0,0.5068101,0.24651965,0.9603059,b'F160101194006342204',16-01-01 19:40:06
37.919212,-100.33492,37.91784,-100.34047,401.38373,-9999.0,0.51591593,0.20020528,0.9413724,b'F160101194010342204',16-01-01 19:40:10
37.68985,-98.543945,37.689037,-98.545906,401.17728,-9999.0,0.51702654,0.1948147,0.9363584,b'F160101194015342204',16-01-01 19:40:15
37.39771,-96.778885,37.397102,-96.77908,401.5196,-9999.0,0.5472072,0.36161253,1.1074778,b'F160101194019342204',16-01-01 19:40:19
37.032543,-95.043304,37.032146,-95.04269,399.35486,-9999.0,0.58106476,0.30691627,1.1045566,b'F160101194024342204',16-01-01 19:40:24
35.278683,-93.77578,35.27791,-93.774765,402.55655,-9999.0,0.6010076,0.29687095,1.1090133,b'F160101194033342204',16-01-01 19:40:33
35.695328,-95.457924,35.694805,-95.45745,400.7677,-9999.0,0.51523864,0.23556535,0.9620925,b'F160101194038342204',16-01-01 19:40:38
35.93497,-96.47193,35.934532,-96.47173,402.6472,-9999.0,0.54480714,0.340248,1.0881023,b'F160101194042342204',16-01-01 19:40:42
36.604107,-97.47237,36.604103,-97.47262,404.07184,-9999.0,0.6149151,0.1678412,1.0329391,b'F160101194047342204',16-01-01 19:40:47
36.578857,-100.66467,36.579952,-100.66968,401.214,-9999.0,0.5031258,0.1664574,0.8946254,b'F160101194101342204',16-01-01 19:41:01
34.703754,-97.54454,34.70363,-97.54459,403.04834,-9999.0,0.515519,0.26759106,0.9931378,b'F160101194115342204',16-01-01 19:41:15
19.869015,-98.63815,19.861868,-98.628845,399.84235,-9999.0,0.5366012,0.23325944,0.94407874,b'F160101194456342701',16-01-01 19:44:56
19.865702,-98.64049,19.85977,-98.630905,400.95178,-9999.0,0.53574157,0.22825173,0.9427285,b'F160101194501342701',16-01-01 19:45:01
19.86683,-98.64174,19.862085,-98.63192,401.0058,-9999.0,0.53612834,0.22292076,0.93673295,b'F160101194505342701',16-01-01 19:45:05
20.46873,-101.09712,20.468122,-101.09728,400.8828,-9999.0,0.5826855,0.2372552,0.9660983,b'F160101194510342701',16-01-01 19:45:10
20.468346,-101.09902,20.468513,-101.099014,399.6462,-9999.0,0.58317477,0.22174895,0.962104,b'F160101194514342701',16-01-01 19:45:14
20.46884,-101.100685,20.469826,-101.100494,400.94183,-9999.0,0.5748444,0.23614413,0.95377654,b'F160101194519342701',16-01-01 19:45:19
35.5237,-119.06573,35.522808,-119.06489,405.73877,-9999.0,0.5760043,0.34156033,1.1491597,b'F160101211840372424',16-01-01 21:18:40
35.382744,-118.893364,35.382214,-118.89249,404.57648,-9999.0,0.6316742,0.35465303,1.2008837,b'F160101211853372424',16-01-01 21:18:53
34.21152,-118.53408,34.211857,-118.532585,401.96384,-9999.0,0.5705272,0.19144468,0.96978956,b'F160101211953372524',16-01-01 21:19:53
-6.944126,-133.98553,-6.944126,-133.98553,392.11035,-9999.0,0.80092126,0.37674838,1.1445004,b'F160101213053373201',16-01-01 21:30:53
-27.492828,-136.16385,-27.492828,-136.16385,397.31406,-9999.0,0.49787173,0.15400231,0.80790436,b'F160101213629373501',16-01-01 21:36:29
-27.483189,-136.164,-27.483189,-136.164,397.08096,-9999.0,0.48279375,0.13626754,0.7906693,b'F160101213638373501',16-01-01 21:36:38
-32.510155,-137.45906,-32.510155,-137.45906,395.3617,-9999.0,0.53785866,0.18644191,0.88147587,b'F160101213752373601',16-01-01 21:37:52
-32.505756,-137.45834,-32.505756,-137.45834,397.42633,-9999.0,0.50983673,0.16315632,0.8341522,b'F160101213757373601',16-01-01 21:37:57
-32.500538,-137.45868,-32.500538,-137.45868,396.51352,-9999.0,0.48866674,0.14485396,0.80125266,b'F160101213801373601',16-01-01 21:38:01
-39.511314,-142.72218,-39.511314,-142.72218,394.04495,-9999.0,0.7850295,0.32379064,1.1476128,b'F160101214015373701',16-01-01 21:40:15
-39.505333,-142.72304,-39.505333,-142.72304,394.91202,-9999.0,0.7243791,0.3170291,1.0937363,b'F160101214020373701',16-01-01 21:40:20
-42.49183,-140.42065,-42.49183,-140.42065,397.27902,-9999.0,0.6250581,0.2732912,1.0036291,b'F160101214047373801',16-01-01 21:40:47
-27.497082,-160.71132,-27.497082,-160.71132,397.63123,-9999.0,0.51284254,0.20604302,0.8956465,b'F160101231440403501',16-01-01 23:14:40
-27.49368,-160.71121,-27.49368,-160.71121,397.2152,-9999.0,0.5055467,0.18690525,0.87252164,b'F160101231445403501',16-01-01 23:14:45
-27.488056,-160.71152,-27.488056,-160.71152,397.30542,-9999.0,0.513889,0.18052688,0.8737326,b'F160101231449403501',16-01-01 23:14:49
-39.514053,-167.26985,-39.514053,-167.26985,394.12006,-9999.0,0.71142745,0.28402576,1.0911839,b'F160101231826403701',16-01-01 23:18:26
-39.510746,-167.2717,-39.510746,-167.2717,395.4233,-9999.0,0.6751267,0.26184103,1.0492289,b'F160101231831403701',16-01-01 23:18:31
